Order_Id,Order_Date,Customer_Segment,Priority,Product_Category,Order_Value_Inr,Origin,Destination,Special_Handling,Carrier,Promised_Delivery_Days,Actual_Delivery_Days,Delivery_Status,Quality_Issue,Customer_Rating,Delivery_Cost_Inr,Feedback_Date,Rating,Feedback_Text,Would_Recommend,Issue_Category,Fuel_Cost,Labor_Cost,Vehicle_Maintenance,Insurance,Packaging_Cost,Technology_Platform_Fee,Other_Overhead,Delay_Days,Is_Delayed,Total_Cost,Rating_Category
ORD000001,2025-10-09,Individual,Express,Industrial,238.73,Kolkata,Hyderabad,Fragile,SpeedyLogistics,1.0,2.0,Slightly-Delayed,Perfect,3.0,387.86,2025-09-20,3.602409638554217,Late delivery but good quality,Yes,Timing,151.36,110.31,53.0,32.17,37.46,43.77,30.38,1.0,1,686.99,Medium
ORD000002,2025-09-29,SMB,Express,Industrial,17.01,Hyderabad,Kolkata,Fragile,SpeedyLogistics,2.0,3.0,Slightly-Delayed,Minor_Damage,1.0,430.19,2025-10-03,1.0,"Great service, very fast delivery!",Yes,Timing,157.32,146.2,51.61,28.54,21.74,48.64,38.74,1.0,1,755.45,Low
ORD000003,2025-09-15,SMB,Economy,Industrial,3024.95,Mumbai,Pune,Fragile,SpeedyLogistics,10.0,15.0,Severely-Delayed,Minor_Damage,3.0,1039.19,2025-09-30,3.0,"Perfect condition, thank you",No,Timing,322.61,319.74,128.03,58.13,102.91,92.06,55.45,5.0,1,1784.4500000000003,Medium
ORD000004,2025-10-13,Individual,Economy,Fashion,56.74,Hyderabad,Ahmedabad,Fragile,QuickShip,5.0,5.0,On-Time,Perfect,5.0,599.01,2025-09-20,3.602409638554217,Late delivery but good quality,Yes,Timing,215.33,194.01,60.87,49.68,45.89,50.4,35.12,0.0,0,1054.24,High
ORD000005,2025-09-08,SMB,Standard,Fashion,19148.65,Chennai,Mumbai,Fragile,SpeedyLogistics,4.0,5.0,Slightly-Delayed,Perfect,3.0,537.9,2025-09-20,3.602409638554217,Late delivery but good quality,Yes,Timing,191.92,150.42,79.03,48.92,53.35,48.62,52.98,1.0,1,933.5899999999999,Medium
ORD000006,2025-09-21,Individual,Express,Food & Beverage,158.22,Chennai,Dubai,Fragile,GlobalTransit,1.0,2.0,Slightly-Delayed,Perfect,4.0,378.99,2025-09-20,3.602409638554217,Late delivery but good quality,Yes,Timing,130.04,107.92,38.85,19.95,32.06,37.26,23.24,1.0,1,649.01,High
ORD000007,2025-10-09,Individual,Standard,Electronics,736.82,Pune,Bangalore,Fragile,QuickShip,3.0,3.0,On-Time,Perfect,4.0,439.72,2025-10-12,4.0,"Delayed by 3 days, not acceptable",Yes,Timing,158.91,121.05,56.67,29.88,40.09,49.61,32.48,0.0,0,759.77,High
ORD000008,2025-09-19,Enterprise,Standard,Industrial,4771.54,Chennai,Kolkata,Fragile,GlobalTransit,5.0,10.0,Severely-Delayed,Perfect,2.0,836.35,2025-09-20,3.602409638554217,Late delivery but good quality,Yes,Timing,280.25,239.41,117.33,55.54,50.56,69.74,61.33,5.0,1,1406.57,Low
ORD000009,2025-09-23,SMB,Express,Books,3711.35,Delhi,Hong Kong,Fragile,SpeedyLogistics,2.0,2.0,On-Time,Perfect,5.0,414.8,2025-09-25,5.0,Wrong item delivered,Yes,Service,144.44,138.58,46.07,28.64,37.51,46.85,28.72,0.0,0,735.33,High
ORD000010,2025-09-11,SMB,Standard,Electronics,7936.32,Hyderabad,Mumbai,Hazmat,GlobalTransit,4.0,9.0,Severely-Delayed,Minor_Damage,3.0,891.65,2025-09-20,3.602409638554217,Late delivery but good quality,Yes,Timing,308.43,249.95,130.74,49.87,86.21,95.72,68.28,5.0,1,1536.24,Medium
ORD000011,2025-09-11,Enterprise,Standard,Books,41.07,Delhi,Bangkok,Fragile,EcoDeliver,3.0,4.0,Slightly-Delayed,Perfect,3.0,319.8,2025-09-16,3.0,"Perfect condition, thank you",No,Timing,96.98,95.16,38.5,18.57,26.49,38.01,24.98,1.0,1,538.4300000000001,Medium
ORD000012,2025-09-24,Enterprise,Standard,Electronics,73.42,Mumbai,Hong Kong,Fragile,ReliableExpress,3.0,3.0,On-Time,Perfect,5.0,583.33,2025-09-20,3.602409638554217,Late delivery but good quality,Yes,Timing,216.69,149.83,70.51,32.56,47.04,68.56,48.47,0.0,0,996.89,High
ORD000013,2025-10-06,SMB,Standard,Food & Beverage,566.23,Hyderabad,Bangalore,Fragile,QuickShip,3.0,3.0,On-Time,Perfect,4.0,587.57,2025-10-13,4.0,Wrong item delivered,Yes,Timing,180.78,167.73,74.93,41.22,53.87,66.15,47.35,0.0,0,989.95,High
ORD000014,2025-10-10,SMB,Express,Industrial,1421.72,Delhi,Bangalore,Fragile,SpeedyLogistics,2.0,2.0,On-Time,Perfect,5.0,313.96,2025-10-16,5.0,Package arrived damaged,Yes,Service,105.91,86.51,33.06,21.27,22.18,33.6,26.03,0.0,0,528.56,High
ORD000015,2025-09-24,Enterprise,Standard,Industrial,396.69,Kolkata,Delhi,Hazmat,EcoDeliver,3.0,3.0,On-Time,Perfect,5.0,435.14,2025-09-27,5.0,Poor customer service response,Yes,Timing,133.59,125.98,47.47,25.17,39.76,35.54,30.88,0.0,0,734.47,High
ORD000016,2025-09-03,Enterprise,Standard,Healthcare,34.57,Delhi,Mumbai,Fragile,ReliableExpress,3.0,3.0,On-Time,Perfect,5.0,425.42,2025-09-20,3.602409638554217,Late delivery but good quality,Yes,Timing,134.78,143.76,54.39,26.19,31.96,46.48,41.65,0.0,0,735.9200000000001,High
ORD000017,2025-09-22,Individual,Standard,Books,849.69,Hyderabad,Singapore,Fragile,GlobalTransit,5.0,5.0,On-Time,Perfect,4.0,437.4,2025-09-20,3.602409638554217,Late delivery but good quality,Yes,Timing,140.86,148.11,64.17,41.91,35.77,46.01,30.69,0.0,0,762.14,High
ORD000018,2025-09-02,Enterprise,Economy,Electronics,301.46,Mumbai,Chennai,Fragile,EcoDeliver,7.0,8.0,Slightly-Delayed,Perfect,3.0,658.72,2025-09-20,3.602409638554217,Late delivery but good quality,Yes,Timing,247.18,199.68,88.18,47.05,57.03,74.42,37.76,1.0,1,1162.6100000000001,Medium
ORD000019,2025-09-24,Enterprise,Standard,Electronics,296.08,Ahmedabad,Bangalore,Hazmat,GlobalTransit,5.0,6.0,Slightly-Delayed,Wrong_Item,1.0,417.76,2025-09-30,1.0,"Delayed by 3 days, not acceptable",No,Timing,160.12,127.01,59.42,29.9,28.81,48.71,26.13,1.0,1,733.6999999999999,Low
ORD000020,2025-10-14,SMB,Express,Fashion,13.24,Kolkata,Pune,Temperature_Controlled,QuickShip,2.0,2.0,On-Time,Perfect,5.0,311.13,2025-10-20,5.0,Driver was very professional,Yes,Timing,119.6,92.84,39.11,20.36,24.47,28.94,16.17,0.0,0,548.0400000000001,High
ORD000021,2025-09-30,Individual,Express,Healthcare,1334.39,Mumbai,Singapore,Fragile,QuickShip,2.0,2.0,On-Time,Perfect,5.0,526.67,2025-10-03,5.0,Excellent packaging,No,Quality,172.33,132.0,78.43,51.77,36.74,57.48,35.44,0.0,0,867.74,High
ORD000022,2025-10-08,Enterprise,Standard,Home Goods,501.6,Bangalore,Dubai,Fragile,SpeedyLogistics,3.0,3.0,On-Time,Perfect,5.0,363.82,2025-10-14,5.0,Poor customer service response,Yes,Timing,133.56,120.26,53.6,25.47,32.44,32.98,36.21,0.0,0,650.0799999999999,High
ORD000023,2025-09-02,SMB,Express,Home Goods,5959.53,Ahmedabad,Dubai,Fragile,EcoDeliver,1.0,3.0,Slightly-Delayed,Perfect,4.0,577.28,2025-09-05,4.0,Driver was very professional,Yes,Timing,174.67,179.16,76.76,48.72,32.34,67.85,34.09,2.0,1,963.4499999999999,High
ORD000024,2025-09-21,Individual,Standard,Fashion,360.77,Bangalore,Kolkata,Fragile,ReliableExpress,5.0,6.0,Slightly-Delayed,Perfect,3.0,612.64,2025-09-20,3.602409638554217,Late delivery but good quality,Yes,Timing,221.94,166.8,70.67,47.37,43.41,52.94,35.87,1.0,1,1044.79,Medium
ORD000025,2025-10-03,Enterprise,Economy,Fashion,943.42,Mumbai,Hyderabad,Fragile,QuickShip,10.0,10.0,On-Time,Perfect,5.0,951.95,2025-10-17,5.0,Late delivery but good quality,No,Quality,325.39,310.08,137.94,51.6,66.31,79.97,48.39,0.0,0,1653.73,High
ORD000026,2025-09-12,Individual,Standard,Fashion,1404.91,Bangalore,Delhi,Fragile,SpeedyLogistics,5.0,6.0,Slightly-Delayed,Perfect,3.0,629.91,2025-09-20,3.0,Late delivery but good quality,Yes,Service,230.66,195.43,68.13,38.86,32.24,71.43,62.19,1.0,1,1088.24,Medium
ORD000027,2025-09-22,SMB,Standard,Books,29.39,Bangalore,Bangkok,Fragile,SpeedyLogistics,5.0,5.0,On-Time,Perfect,5.0,361.87,2025-09-20,3.602409638554217,Late delivery but good quality,Yes,Timing,113.46,98.84,51.9,34.86,25.69,29.68,18.81,0.0,0,599.86,High
ORD000028,2025-10-14,SMB,Standard,Books,20435.93,Kolkata,Dubai,Fragile,GlobalTransit,5.0,5.0,On-Time,Perfect,5.0,620.17,2025-09-20,3.602409638554217,Late delivery but good quality,Yes,Timing,221.65,179.41,62.91,49.09,31.36,69.15,40.51,0.0,0,1052.59,High
ORD000029,2025-09-25,SMB,Standard,Food & Beverage,211.41,Chennai,Singapore,Fragile,ReliableExpress,3.0,3.0,On-Time,Perfect,5.0,267.94,2025-09-20,3.602409638554217,Late delivery but good quality,Yes,Timing,81.46,82.75,32.12,26.44,20.69,24.39,22.9,0.0,0,452.84,High
ORD000030,2025-10-19,SMB,Standard,Food & Beverage,847.13,Delhi,Chennai,Fragile,GlobalTransit,5.0,5.0,On-Time,Perfect,5.0,530.24,2025-10-28,5.0,Wrong item delivered,Yes,Other,173.47,180.51,62.96,41.09,27.85,51.46,48.58,0.0,0,912.07,High
ORD000031,2025-09-27,Enterprise,Economy,Fashion,1054.55,Mumbai,Bangkok,Temperature_Controlled,QuickShip,7.0,8.0,Slightly-Delayed,Perfect,3.0,871.77,2025-10-07,3.0,Poor customer service response,Yes,Timing,331.77,237.5,97.03,79.21,84.14,73.07,63.21,1.0,1,1525.18,Medium
ORD000032,2025-10-12,Individual,Standard,Healthcare,118.85,Chennai,Dubai,Fragile,ReliableExpress,3.0,5.0,Slightly-Delayed,Perfect,3.0,416.08,2025-10-21,3.0,"Great service, very fast delivery!",No,Service,138.86,140.25,43.35,25.2,36.46,34.14,31.05,2.0,1,731.6500000000001,Medium
ORD000033,2025-09-28,SMB,Economy,Electronics,6441.2,Delhi,Chennai,Fragile,SpeedyLogistics,5.0,5.0,On-Time,Perfect,5.0,505.95,2025-09-20,3.602409638554217,Late delivery but good quality,Yes,Timing,174.15,143.41,60.58,38.7,29.38,52.05,45.67,0.0,0,852.89,High
ORD000034,2025-09-16,Enterprise,Economy,Books,601.2,Mumbai,Dubai,Temperature_Controlled,ReliableExpress,7.0,8.0,Slightly-Delayed,Perfect,3.0,791.94,2025-09-27,3.0,Driver was very professional,Yes,Timing,297.78,210.17,85.1,50.22,53.89,76.29,66.51,1.0,1,1353.7800000000002,Medium
ORD000035,2025-09-15,Enterprise,Express,Healthcare,292.89,Pune,Delhi,Fragile,SpeedyLogistics,2.0,3.0,Slightly-Delayed,Perfect,3.0,602.9,2025-09-20,3.602409638554217,Late delivery but good quality,Yes,Timing,184.29,152.82,72.1,51.16,35.98,63.7,37.98,1.0,1,975.99,Medium
ORD000036,2025-10-17,SMB,Express,Industrial,496.59,Chennai,Hong Kong,Fragile,EcoDeliver,2.0,3.0,Slightly-Delayed,Perfect,3.0,518.38,2025-09-20,3.602409638554217,Late delivery but good quality,Yes,Timing,201.45,176.03,59.54,31.88,36.58,46.46,43.35,1.0,1,932.4399999999999,Medium
ORD000037,2025-10-14,SMB,Express,Books,1269.5,Chennai,Dubai,Fragile,QuickShip,1.0,1.0,On-Time,Minor_Damage,4.0,253.27,2025-09-20,3.602409638554217,Late delivery but good quality,Yes,Timing,96.9,80.36,35.77,17.69,14.64,27.74,17.23,0.0,0,445.17,High
ORD000038,2025-09-03,Enterprise,Express,Books,410.02,Hyderabad,Singapore,Fragile,SpeedyLogistics,1.0,6.0,Severely-Delayed,Perfect,1.0,669.84,2025-09-11,1.0,Poor customer service response,Yes,Timing,245.92,185.59,69.7,66.74,38.72,80.07,66.22,5.0,1,1140.07,Low
ORD000039,2025-10-07,SMB,Express,Food & Beverage,1514.58,Bangalore,Dubai,Hazmat,GlobalTransit,2.0,3.0,Slightly-Delayed,Perfect,3.0,368.69,2025-09-20,3.602409638554217,Late delivery but good quality,Yes,Timing,139.87,116.48,47.52,34.4,23.77,36.39,29.85,1.0,1,648.81,Medium
ORD000040,2025-09-07,Enterprise,Standard,Electronics,32.22,Kolkata,Hyderabad,Fragile,GlobalTransit,5.0,5.0,On-Time,Perfect,5.0,637.37,2025-09-12,5.0,"Perfect condition, thank you",No,Quality,217.42,186.59,74.26,49.85,58.98,56.13,61.65,0.0,0,1100.36,High
ORD000041,2025-09-21,SMB,Express,Electronics,131.37,Bangalore,Bangkok,Fragile,ReliableExpress,1.0,2.0,Slightly-Delayed,Perfect,3.0,581.61,2025-09-24,3.0,"No complaints, smooth process",Yes,Timing,214.56,193.28,74.34,51.75,29.55,65.57,30.25,1.0,1,1019.0,Medium
ORD000042,2025-09-09,Enterprise,Standard,Home Goods,16.31,Mumbai,Bangkok,Fragile,ReliableExpress,4.0,4.0,On-Time,Perfect,4.0,588.56,2025-09-20,3.602409638554217,Late delivery but good quality,Yes,Timing,228.94,205.52,67.51,35.62,51.95,53.04,54.9,0.0,0,1074.97,High
ORD000043,2025-10-09,SMB,Economy,Home Goods,8066.8,Delhi,Bangalore,Fragile,QuickShip,10.0,12.0,Slightly-Delayed,Wrong_Item,1.0,1045.15,2025-09-20,3.602409638554217,Late delivery but good quality,Yes,Timing,324.29,274.45,155.68,87.47,96.51,97.17,87.61,2.0,1,1740.4,Low
ORD000044,2025-09-18,SMB,Express,Home Goods,7910.83,Bangalore,Singapore,Fragile,SpeedyLogistics,1.0,1.0,On-Time,Perfect,5.0,150.84,2025-09-23,5.0,Driver was very professional,No,Other,54.22,46.81,20.23,11.88,10.78,13.73,13.34,0.0,0,262.65,High
ORD000045,2025-09-04,Individual,Economy,Home Goods,1032.69,Kolkata,Pune,Hazmat,SpeedyLogistics,5.0,5.0,On-Time,Perfect,4.0,637.03,2025-09-20,3.602409638554217,Late delivery but good quality,Yes,Timing,205.52,203.36,71.14,51.77,55.65,56.54,33.76,0.0,0,1101.56,High
ORD000046,2025-09-25,Enterprise,Standard,Industrial,88.33,Mumbai,Singapore,Fragile,SpeedyLogistics,3.0,5.0,Slightly-Delayed,Perfect,3.0,681.84,2025-09-20,3.602409638554217,Late delivery but good quality,Yes,Timing,213.48,211.78,97.14,35.63,59.12,63.86,50.41,2.0,1,1166.22,Medium
ORD000047,2025-09-14,SMB,Express,Industrial,14542.31,Mumbai,Bangkok,Temperature_Controlled,QuickShip,1.0,1.0,On-Time,Perfect,4.0,166.22,2025-09-20,3.602409638554217,Late delivery but good quality,Yes,Timing,65.31,47.07,20.49,8.42,8.99,15.02,8.54,0.0,0,287.59000000000003,High
ORD000048,2025-10-20,Enterprise,Standard,Books,162.94,Delhi,Hyderabad,Fragile,EcoDeliver,3.0,3.0,On-Time,Perfect,5.0,598.64,2025-10-25,5.0,Package arrived damaged,Yes,Service,217.39,175.19,76.27,35.16,38.79,63.79,58.83,0.0,0,1030.01,High
ORD000049,2025-09-09,Individual,Standard,Fashion,293.0,Delhi,Hong Kong,Fragile,GlobalTransit,5.0,5.0,On-Time,Major_Damage,3.0,452.68,2025-09-16,3.0,Driver was very professional,Yes,Timing,138.09,153.48,58.33,35.4,33.96,37.47,24.67,0.0,0,778.21,Medium
ORD000050,2025-09-26,Individual,Economy,Food & Beverage,512.5,Kolkata,Delhi,Fragile,SpeedyLogistics,5.0,5.0,On-Time,Wrong_Item,4.0,616.12,2025-09-20,3.602409638554217,Late delivery but good quality,Yes,Timing,221.86,175.04,89.87,43.33,35.22,66.9,39.84,0.0,0,1048.24,High
ORD000051,2025-09-02,Enterprise,Economy,Food & Beverage,794.15,Delhi,Pune,Fragile,QuickShip,10.0,10.0,On-Time,Perfect,5.0,920.14,2025-09-20,3.602409638554217,Late delivery but good quality,Yes,Timing,324.39,294.25,133.43,82.45,77.12,98.63,89.53,0.0,0,1615.9,High
ORD000052,2025-09-20,SMB,Economy,Home Goods,1059.66,Chennai,Hyderabad,Temperature_Controlled,ReliableExpress,7.0,8.0,Slightly-Delayed,Perfect,3.0,765.07,2025-09-30,3.0,"Great service, very fast delivery!",Yes,Timing,252.15,191.35,86.91,46.59,63.57,80.6,60.96,1.0,1,1272.1399999999999,Medium
ORD000053,2025-09-28,Individual,Standard,Books,1125.45,Bangalore,Hyderabad,Temperature_Controlled,ReliableExpress,3.0,3.0,On-Time,Perfect,5.0,286.91,2025-10-04,5.0,Wrong item delivered,Yes,Timing,86.54,92.64,33.33,23.89,22.33,26.89,16.28,0.0,0,488.42,High
ORD000054,2025-10-17,SMB,Express,Healthcare,324.8,Bangalore,Mumbai,Fragile,EcoDeliver,2.0,3.0,Slightly-Delayed,Perfect,3.0,488.53,2025-09-20,3.602409638554217,Late delivery but good quality,Yes,Timing,151.17,162.75,71.29,40.3,26.95,46.94,42.23,1.0,1,829.4,Medium
ORD000055,2025-09-07,SMB,Economy,Fashion,1099.0,Hyderabad,Delhi,Fragile,GlobalTransit,7.0,12.0,Severely-Delayed,Perfect,3.0,919.83,2025-09-22,3.0,Package arrived damaged,No,Timing,347.68,240.83,91.98,78.74,62.39,82.95,46.58,5.0,1,1570.73,Medium
ORD000056,2025-10-14,Enterprise,Economy,Books,303.74,Delhi,Singapore,Fragile,SpeedyLogistics,7.0,7.0,On-Time,Perfect,5.0,810.13,2025-09-20,3.602409638554217,Late delivery but good quality,Yes,Timing,286.81,271.49,119.8,63.42,61.35,67.57,62.74,0.0,0,1429.78,High
ORD000057,2025-09-08,Enterprise,Economy,Fashion,961.94,Kolkata,Bangalore,Fragile,EcoDeliver,10.0,10.0,On-Time,Perfect,5.0,761.7,2025-09-20,3.602409638554217,Late delivery but good quality,Yes,Timing,257.45,236.67,90.97,47.24,41.7,70.53,41.77,0.0,0,1297.5200000000002,High
ORD000058,2025-10-17,Individual,Standard,Fashion,850.6,Delhi,Hong Kong,Fragile,ReliableExpress,4.0,4.0,On-Time,Incomplete,3.0,428.43,2025-09-20,3.602409638554217,Late delivery but good quality,Yes,Timing,136.11,149.41,52.36,32.81,40.14,51.34,33.9,0.0,0,754.0899999999999,Medium
ORD000059,2025-10-05,Individual,Standard,Fashion,1266.83,Delhi,Chennai,Fragile,GlobalTransit,3.0,7.0,Severely-Delayed,Perfect,1.0,749.94,2025-09-20,3.602409638554217,Late delivery but good quality,Yes,Timing,285.91,212.0,86.46,52.6,62.71,80.46,49.32,4.0,1,1310.5600000000002,Low
ORD000060,2025-09-14,SMB,Economy,Books,1050.42,Pune,Singapore,Fragile,ReliableExpress,5.0,5.0,On-Time,Perfect,5.0,515.07,2025-09-20,5.0,Package arrived damaged,Yes,Timing,161.38,161.34,54.81,40.65,43.61,55.64,45.16,0.0,0,881.4000000000001,High
ORD000061,2025-09-17,SMB,Standard,Home Goods,207.75,Mumbai,Singapore,Fragile,ReliableExpress,4.0,4.0,On-Time,Perfect,5.0,558.44,2025-09-20,3.602409638554217,Late delivery but good quality,Yes,Timing,216.28,167.53,76.23,45.21,33.13,45.25,35.87,0.0,0,975.38,High
ORD000062,2025-10-06,SMB,Economy,Food & Beverage,802.77,Mumbai,Bangalore,Fragile,QuickShip,5.0,5.0,On-Time,Perfect,4.0,608.58,2025-10-14,4.0,Late delivery but good quality,Yes,Quality,209.54,189.7,86.72,36.4,34.25,72.14,33.72,0.0,0,1042.07,High
ORD000063,2025-10-20,Individual,Economy,Food & Beverage,1075.03,Kolkata,Singapore,Fragile,ReliableExpress,7.0,9.0,Slightly-Delayed,Perfect,3.0,905.22,2025-10-30,3.0,"Great service, very fast delivery!",Yes,Service,314.88,279.31,115.03,49.15,47.84,76.24,71.77,2.0,1,1547.2499999999998,Medium
ORD000064,2025-10-10,Individual,Standard,Home Goods,58.17,Mumbai,Bangkok,Fragile,GlobalTransit,4.0,5.0,Slightly-Delayed,Perfect,3.0,589.48,2025-09-20,3.602409638554217,Late delivery but good quality,Yes,Timing,208.93,161.15,77.75,53.64,30.7,58.9,49.79,1.0,1,990.2600000000001,Medium
ORD000065,2025-09-04,Individual,Economy,Fashion,267.45,Hyderabad,Mumbai,Fragile,QuickShip,7.0,7.0,On-Time,Perfect,5.0,650.86,2025-09-20,3.602409638554217,Late delivery but good quality,Yes,Timing,211.68,182.75,85.06,61.76,58.9,67.25,56.31,0.0,0,1104.19,High
ORD000066,2025-09-02,Individual,Economy,Healthcare,1004.43,Delhi,Pune,Fragile,QuickShip,7.0,12.0,Severely-Delayed,Perfect,3.0,755.55,2025-09-18,3.0,Late delivery but good quality,Yes,Quality,254.23,237.32,93.17,44.95,64.29,77.26,51.33,5.0,1,1311.3899999999999,Medium
ORD000067,2025-09-06,SMB,Express,Electronics,5239.28,Pune,Singapore,Fragile,ReliableExpress,1.0,1.0,On-Time,Perfect,5.0,196.3,2025-09-07,5.0,"Delayed by 3 days, not acceptable",Yes,Timing,76.78,49.49,22.73,10.37,17.34,21.22,13.07,0.0,0,339.91,High
ORD000068,2025-10-12,Enterprise,Economy,Books,1390.4,Kolkata,Bangalore,Fragile,ReliableExpress,7.0,7.0,On-Time,Perfect,4.0,511.73,2025-09-20,3.602409638554217,Late delivery but good quality,Yes,Timing,188.09,148.19,70.52,37.21,36.14,60.07,32.01,0.0,0,884.15,High
ORD000069,2025-09-04,Enterprise,Standard,Electronics,5759.28,Chennai,Singapore,Fragile,ReliableExpress,3.0,4.0,Slightly-Delayed,Perfect,3.0,368.74,2025-09-20,3.602409638554217,Late delivery but good quality,Yes,Timing,115.06,113.74,54.75,25.4,19.58,34.5,27.76,1.0,1,617.12,Medium
ORD000070,2025-09-29,Individual,Economy,Home Goods,221.95,Pune,Mumbai,Fragile,SpeedyLogistics,10.0,15.0,Severely-Delayed,Perfect,1.0,1105.15,2025-09-20,3.602409638554217,Late delivery but good quality,Yes,Timing,349.44,349.02,165.65,80.22,74.86,106.13,61.62,5.0,1,1878.47,Low
ORD000071,2025-09-18,SMB,Standard,Healthcare,587.15,Delhi,Bangkok,Fragile,ReliableExpress,5.0,5.0,On-Time,Perfect,5.0,646.39,2025-09-20,3.602409638554217,Late delivery but good quality,Yes,Timing,251.01,188.41,77.16,53.64,46.61,68.47,34.31,0.0,0,1132.4199999999998,High
ORD000072,2025-09-26,Enterprise,Economy,Books,1351.0,Pune,Bangkok,Fragile,ReliableExpress,5.0,9.0,Severely-Delayed,Perfect,1.0,762.0,2025-09-20,3.602409638554217,Late delivery but good quality,Yes,Timing,290.61,262.17,100.92,74.47,43.87,75.51,61.03,4.0,1,1358.65,Low
ORD000073,2025-10-14,Enterprise,Standard,Home Goods,12.31,Mumbai,Dubai,Fragile,ReliableExpress,3.0,8.0,Severely-Delayed,Perfect,2.0,831.61,2025-10-25,2.0,Excellent packaging,Yes,Timing,297.86,241.29,97.22,46.85,57.87,71.94,72.12,5.0,1,1428.6299999999999,Low
ORD000074,2025-10-04,SMB,Express,Fashion,3890.16,Bangalore,Bangkok,Temperature_Controlled,ReliableExpress,2.0,2.0,On-Time,Perfect,5.0,596.51,2025-09-20,3.602409638554217,Late delivery but good quality,Yes,Timing,191.41,152.62,76.13,47.58,55.83,61.49,40.13,0.0,0,996.37,High
ORD000075,2025-09-10,Enterprise,Economy,Food & Beverage,24.75,Delhi,Dubai,Fragile,ReliableExpress,10.0,15.0,Severely-Delayed,Perfect,3.0,1178.01,2025-09-20,3.602409638554217,Late delivery but good quality,Yes,Timing,448.0,358.15,122.47,92.23,112.38,112.92,76.35,5.0,1,2096.54,Medium
ORD000076,2025-10-06,Enterprise,Express,Electronics,1799.76,Bangalore,Hyderabad,Fragile,QuickShip,2.0,2.0,On-Time,Perfect,5.0,477.95,2025-10-10,5.0,Package arrived damaged,Yes,Timing,150.24,126.73,58.14,38.13,25.82,56.2,41.94,0.0,0,780.7400000000001,High
ORD000077,2025-09-14,SMB,Standard,Industrial,1130.31,Mumbai,Hong Kong,Fragile,QuickShip,3.0,3.0,On-Time,Perfect,5.0,463.0,2025-09-20,5.0,Package arrived damaged,Yes,Timing,166.06,154.11,48.16,34.19,37.74,52.39,41.29,0.0,0,820.91,High
ORD000078,2025-10-01,SMB,Economy,Industrial,12.07,Hyderabad,Chennai,Fragile,SpeedyLogistics,7.0,7.0,On-Time,Perfect,5.0,629.54,2025-10-12,5.0,"Perfect condition, thank you",No,Quality,206.3,216.62,66.87,59.02,62.04,54.82,54.21,0.0,0,1114.5,High
ORD000079,2025-10-18,SMB,Economy,Healthcare,13.02,Hyderabad,Bangkok,Fragile,GlobalTransit,7.0,8.0,Slightly-Delayed,Wrong_Item,2.0,533.76,2025-09-20,3.602409638554217,Late delivery but good quality,Yes,Timing,162.28,155.08,67.15,42.18,51.67,57.05,39.53,1.0,1,902.79,Low
ORD000080,2025-09-15,Enterprise,Standard,Fashion,3458.96,Pune,Hyderabad,Fragile,QuickShip,3.0,3.0,On-Time,Perfect,5.0,409.75,2025-09-20,5.0,Late delivery but good quality,Yes,Timing,156.1,141.39,41.43,40.62,22.25,46.13,26.23,0.0,0,729.49,High
ORD000081,2025-09-08,Individual,Standard,Electronics,2495.1,Mumbai,Ahmedabad,Fragile,ReliableExpress,5.0,7.0,Slightly-Delayed,Perfect,3.0,814.05,2025-09-20,3.602409638554217,Late delivery but good quality,Yes,Timing,254.98,239.32,107.62,56.21,42.92,84.64,77.43,2.0,1,1351.27,Medium
ORD000082,2025-09-14,Enterprise,Standard,Fashion,107.63,Chennai,Hyderabad,Fragile,SpeedyLogistics,5.0,6.0,Slightly-Delayed,Perfect,3.0,723.21,2025-09-23,3.0,"Perfect condition, thank you",Yes,Quality,244.68,196.45,88.32,37.91,65.83,81.76,57.42,1.0,1,1230.17,Medium
ORD000083,2025-09-23,SMB,Standard,Electronics,107.47,Bangalore,Bangkok,Fragile,SpeedyLogistics,5.0,10.0,Severely-Delayed,Perfect,2.0,686.42,2025-10-04,2.0,Excellent packaging,Yes,Timing,230.16,226.5,87.68,62.67,55.99,76.45,54.86,5.0,1,1199.07,Low
ORD000084,2025-10-10,Individual,Standard,Healthcare,870.36,Delhi,Hong Kong,Fragile,ReliableExpress,4.0,4.0,On-Time,Perfect,5.0,486.64,2025-10-15,5.0,Late delivery but good quality,Yes,Timing,166.15,168.28,61.83,39.06,29.7,51.11,38.24,0.0,0,850.77,High
ORD000085,2025-09-21,SMB,Standard,Healthcare,395.79,Delhi,Dubai,Fragile,SpeedyLogistics,4.0,7.0,Severely-Delayed,Perfect,1.0,776.69,2025-10-01,1.0,Excellent packaging,Yes,Timing,247.36,198.8,101.14,68.49,59.16,69.18,64.72,3.0,1,1282.0100000000002,Low
ORD000086,2025-09-16,Individual,Economy,Industrial,1961.75,Delhi,Chennai,Fragile,SpeedyLogistics,7.0,10.0,Severely-Delayed,Perfect,1.0,626.95,2025-09-26,1.0,Excellent packaging,Yes,Timing,193.11,184.44,67.82,37.13,37.69,59.85,32.95,3.0,1,1042.19,Low
ORD000087,2025-10-15,SMB,Economy,Fashion,828.3,Chennai,Ahmedabad,Fragile,SpeedyLogistics,10.0,10.0,On-Time,Perfect,4.0,754.96,2025-10-29,4.0,"No complaints, smooth process",Yes,Timing,256.52,227.37,93.74,52.2,69.42,64.79,56.84,0.0,0,1308.27,High
ORD000088,2025-09-18,SMB,Economy,Books,4335.3,Bangalore,Hong Kong,Fragile,SpeedyLogistics,5.0,5.0,On-Time,Perfect,4.0,690.74,2025-09-20,3.602409638554217,Late delivery but good quality,Yes,Timing,211.51,177.6,88.89,54.09,64.86,70.67,67.69,0.0,0,1144.7099999999998,High
ORD000089,2025-10-17,Enterprise,Express,Industrial,1728.69,Bangalore,Hong Kong,Fragile,SpeedyLogistics,1.0,2.0,Slightly-Delayed,Perfect,3.0,361.56,2025-09-20,3.602409638554217,Late delivery but good quality,Yes,Timing,110.23,93.93,36.95,21.43,27.86,38.26,18.9,1.0,1,593.58,Medium
ORD000090,2025-09-24,SMB,Standard,Fashion,1189.35,Mumbai,Bangkok,Hazmat,GlobalTransit,4.0,5.0,Slightly-Delayed,Perfect,3.0,381.05,2025-10-03,3.0,"Great service, very fast delivery!",No,Service,150.36,127.35,43.76,20.52,22.29,32.42,21.4,1.0,1,681.0500000000001,Medium
ORD000091,2025-09-26,Enterprise,Express,Industrial,237.89,Mumbai,Hyderabad,Fragile,GlobalTransit,1.0,5.0,Severely-Delayed,Perfect,1.0,567.01,2025-10-05,1.0,Package arrived damaged,Yes,Timing,199.51,155.69,66.85,56.4,47.75,66.88,32.39,4.0,1,969.96,Low
ORD000092,2025-09-25,Enterprise,Standard,Books,213.15,Mumbai,Ahmedabad,Fragile,EcoDeliver,5.0,5.0,On-Time,Major_Damage,4.0,694.7,2025-10-02,4.0,Excellent packaging,Yes,Quality,234.96,212.21,72.14,34.88,58.02,73.41,49.0,0.0,0,1199.89,High
ORD000093,2025-10-15,Individual,Standard,Food & Beverage,373.29,Ahmedabad,Delhi,Fragile,QuickShip,4.0,8.0,Severely-Delayed,Perfect,1.0,736.11,2025-10-26,1.0,"No complaints, smooth process",Yes,Service,256.88,214.61,74.49,49.15,43.32,61.79,72.02,4.0,1,1250.9199999999998,Low
ORD000094,2025-10-11,SMB,Economy,Food & Beverage,6383.13,Mumbai,Kolkata,Fragile,ReliableExpress,10.0,11.0,Slightly-Delayed,Perfect,3.0,740.51,2025-09-20,3.602409638554217,Late delivery but good quality,Yes,Timing,266.54,239.09,85.73,51.58,45.8,62.11,43.65,1.0,1,1291.9399999999998,Medium
ORD000095,2025-09-29,Individual,Standard,Food & Beverage,219.33,Mumbai,Bangalore,Fragile,SpeedyLogistics,3.0,3.0,On-Time,Perfect,5.0,403.7,2025-09-20,3.602409638554217,Late delivery but good quality,Yes,Timing,153.31,128.28,51.41,29.77,38.8,33.47,25.85,0.0,0,724.0899999999999,High
ORD000096,2025-09-15,SMB,Express,Food & Beverage,596.33,Delhi,Ahmedabad,Fragile,SpeedyLogistics,2.0,2.0,On-Time,Perfect,5.0,380.05,2025-09-21,5.0,"No complaints, smooth process",Yes,Service,127.31,124.75,56.87,23.58,35.62,43.03,23.27,0.0,0,667.73,High
ORD000097,2025-10-15,Individual,Express,Home Goods,13.91,Kolkata,Delhi,Fragile,ReliableExpress,1.0,2.0,Slightly-Delayed,Perfect,3.0,431.71,2025-10-20,3.0,Excellent packaging,No,Quality,146.75,125.61,64.29,25.49,38.84,40.31,37.36,1.0,1,742.9100000000001,Medium
ORD000098,2025-09-01,SMB,Economy,Electronics,1111.77,Ahmedabad,Bangkok,Fragile,SpeedyLogistics,5.0,9.0,Severely-Delayed,Perfect,3.0,853.74,2025-09-13,3.0,Driver was very professional,Yes,Timing,291.98,262.81,120.92,77.01,79.67,70.34,72.23,4.0,1,1488.2,Medium
ORD000099,2025-09-25,SMB,Standard,Home Goods,11917.91,Kolkata,Mumbai,Fragile,QuickShip,4.0,5.0,Slightly-Delayed,Perfect,4.0,389.55,2025-10-01,4.0,Wrong item delivered,Yes,Timing,122.32,113.59,49.64,27.32,29.6,46.69,22.11,1.0,1,655.0600000000001,High
ORD000100,2025-09-07,SMB,Express,Home Goods,99.44,Chennai,Dubai,Fragile,QuickShip,2.0,2.0,On-Time,Perfect,5.0,555.86,2025-09-09,5.0,Wrong item delivered,Yes,Quality,204.3,160.98,59.28,32.2,54.18,64.03,53.0,0.0,0,975.32,High
ORD000101,2025-09-09,Enterprise,Express,Home Goods,47177.07,Bangalore,Mumbai,Fragile,QuickShip,2.0,2.0,On-Time,Perfect,5.0,204.92,2025-09-13,5.0,"Great service, very fast delivery!",Yes,Timing,81.79,55.5,24.13,17.1,15.2,19.82,13.91,0.0,0,357.40999999999997,High
ORD000102,2025-09-24,Individual,Economy,Food & Beverage,530.26,Mumbai,Singapore,Fragile,SpeedyLogistics,5.0,7.0,Slightly-Delayed,Perfect,4.0,598.02,2025-10-04,4.0,"No complaints, smooth process",Yes,Timing,214.92,183.93,64.63,44.01,46.45,61.48,36.18,2.0,1,1043.32,High
ORD000103,2025-09-01,Enterprise,Express,Books,8.5,Pune,Delhi,Fragile,GlobalTransit,1.0,2.0,Slightly-Delayed,Perfect,3.0,210.97,2025-09-06,3.0,Excellent packaging,Yes,Quality,78.95,53.27,24.84,18.78,16.5,19.08,17.88,1.0,1,359.69,Medium
ORD000104,2025-10-14,Enterprise,Economy,Healthcare,226.26,Kolkata,Singapore,Fragile,QuickShip,5.0,5.0,On-Time,Perfect,5.0,507.19,2025-09-20,3.602409638554217,Late delivery but good quality,Yes,Timing,180.93,167.18,69.36,40.83,37.74,43.28,31.99,0.0,0,893.04,High
ORD000105,2025-09-08,SMB,Economy,Healthcare,2968.04,Chennai,Bangalore,Fragile,SpeedyLogistics,10.0,10.0,On-Time,Perfect,5.0,810.33,2025-09-20,3.602409638554217,Late delivery but good quality,Yes,Timing,277.06,251.15,101.85,52.19,40.78,80.91,52.09,0.0,0,1379.3200000000002,High
ORD000106,2025-09-24,Enterprise,Express,Electronics,8094.79,Kolkata,Pune,Hazmat,ReliableExpress,1.0,4.0,Severely-Delayed,Perfect,1.0,504.67,2025-10-01,1.0,"Great service, very fast delivery!",Yes,Timing,188.47,127.38,65.22,48.99,29.63,49.89,27.54,3.0,1,850.15,Low
ORD000107,2025-09-11,Individual,Express,Food & Beverage,1184.59,Kolkata,Bangalore,Fragile,ReliableExpress,1.0,1.0,On-Time,Perfect,5.0,216.25,2025-09-12,5.0,Late delivery but good quality,Yes,Service,78.41,65.97,26.03,16.45,20.51,19.0,11.06,0.0,0,381.14,High
ORD000108,2025-09-17,Individual,Economy,Food & Beverage,4236.07,Chennai,Ahmedabad,Fragile,EcoDeliver,10.0,10.0,On-Time,Perfect,4.0,858.3,2025-09-29,4.0,Poor customer service response,No,Timing,331.45,264.11,124.05,68.53,77.68,83.42,75.1,0.0,0,1531.5400000000002,High
ORD000109,2025-09-08,Individual,Standard,Food & Beverage,68.95,Ahmedabad,Hong Kong,Fragile,SpeedyLogistics,3.0,3.0,On-Time,Perfect,5.0,267.91,2025-09-14,5.0,"No complaints, smooth process",Yes,Timing,104.83,82.31,29.21,17.0,16.06,24.08,17.5,0.0,0,471.11,High
ORD000110,2025-10-05,SMB,Standard,Industrial,145.42,Pune,Dubai,Fragile,ReliableExpress,5.0,10.0,Severely-Delayed,Perfect,2.0,904.76,2025-09-20,3.602409638554217,Late delivery but good quality,Yes,Timing,321.65,279.39,109.77,73.08,48.93,75.56,53.01,5.0,1,1554.7299999999998,Low
ORD000111,2025-10-05,Enterprise,Economy,Fashion,32.49,Chennai,Delhi,Fragile,QuickShip,10.0,10.0,On-Time,Perfect,5.0,978.66,2025-10-19,5.0,Package arrived damaged,Yes,Quality,344.3,265.61,111.73,68.52,88.66,78.84,80.71,0.0,0,1677.2300000000002,High
ORD000112,2025-10-03,Individual,Economy,Industrial,162.78,Chennai,Hyderabad,Fragile,GlobalTransit,10.0,10.0,On-Time,Perfect,4.0,735.91,2025-10-17,4.0,Driver was very professional,Yes,Timing,270.0,242.75,107.91,37.54,42.45,84.96,53.67,0.0,0,1291.11,High
ORD000113,2025-09-05,SMB,Economy,Fashion,1265.06,Mumbai,Pune,Fragile,SpeedyLogistics,10.0,15.0,Severely-Delayed,Perfect,1.0,1056.9,2025-09-20,1.0,"Perfect condition, thank you",Yes,Timing,376.74,334.3,141.58,102.08,105.53,115.0,68.02,5.0,1,1873.47,Low
ORD000114,2025-10-12,Individual,Economy,Food & Beverage,555.01,Chennai,Kolkata,Fragile,ReliableExpress,7.0,7.0,On-Time,Perfect,5.0,601.56,2025-10-22,5.0,"Great service, very fast delivery!",No,Service,233.39,153.35,67.11,57.07,37.78,53.43,34.23,0.0,0,1026.08,High
ORD000115,2025-10-09,Individual,Standard,Food & Beverage,1482.93,Mumbai,Kolkata,Fragile,SpeedyLogistics,3.0,3.0,On-Time,Perfect,5.0,252.68,2025-09-20,3.602409638554217,Late delivery but good quality,Yes,Timing,97.51,75.81,33.79,15.65,22.21,27.9,16.58,0.0,0,448.21,High
ORD000116,2025-10-11,Individual,Express,Industrial,99.01,Bangalore,Kolkata,Fragile,GlobalTransit,2.0,2.0,On-Time,Minor_Damage,4.0,354.35,2025-09-20,3.602409638554217,Late delivery but good quality,Yes,Timing,120.86,96.02,52.74,29.16,34.28,32.65,31.57,0.0,0,605.51,High
ORD000117,2025-09-28,Enterprise,Economy,Industrial,108.5,Ahmedabad,Delhi,Fragile,SpeedyLogistics,5.0,5.0,On-Time,Perfect,4.0,666.69,2025-09-20,3.602409638554217,Late delivery but good quality,Yes,Timing,251.07,212.78,98.86,46.45,37.69,71.25,57.65,0.0,0,1168.23,High
ORD000118,2025-09-07,SMB,Standard,Fashion,548.35,Bangalore,Kolkata,Fragile,ReliableExpress,4.0,4.0,On-Time,Perfect,5.0,538.4,2025-09-14,5.0,"Great service, very fast delivery!",No,Service,192.48,145.74,67.42,35.32,38.43,56.97,46.98,0.0,0,915.05,High
ORD000119,2025-09-09,Individual,Standard,Healthcare,163.37,Bangalore,Bangkok,Fragile,ReliableExpress,3.0,7.0,Severely-Delayed,Perfect,1.0,490.5,2025-09-18,1.0,"Great service, very fast delivery!",Yes,Timing,158.54,142.51,55.65,29.4,43.74,57.08,33.6,4.0,1,835.29,Low
ORD000120,2025-09-08,SMB,Economy,Fashion,2843.45,Delhi,Mumbai,Fragile,ReliableExpress,5.0,5.0,On-Time,Perfect,5.0,688.86,2025-09-15,5.0,"Great service, very fast delivery!",Yes,Timing,258.41,234.01,98.03,40.74,67.38,65.49,46.13,0.0,0,1248.6599999999999,High
ORD000121,2025-09-12,Enterprise,Express,Industrial,157.41,Mumbai,Pune,Fragile,GlobalTransit,1.0,1.0,On-Time,Perfect,4.0,362.43,2025-09-20,3.602409638554217,Late delivery but good quality,Yes,Timing,110.99,108.23,38.22,22.63,23.86,40.72,33.99,0.0,0,605.51,High
ORD000122,2025-10-04,SMB,Standard,Books,191.89,Kolkata,Mumbai,Fragile,SpeedyLogistics,3.0,3.0,On-Time,Perfect,5.0,586.69,2025-09-20,3.602409638554217,Late delivery but good quality,Yes,Timing,193.75,197.05,83.82,51.77,33.64,63.14,57.06,0.0,0,1011.13,High
ORD000123,2025-10-03,Individual,Express,Industrial,756.16,Mumbai,Hong Kong,Fragile,QuickShip,2.0,2.0,On-Time,Minor_Damage,3.0,432.09,2025-09-20,3.602409638554217,Late delivery but good quality,Yes,Timing,159.12,122.35,54.02,35.56,32.64,36.64,28.35,0.0,0,746.2,Medium
ORD000124,2025-10-18,SMB,Standard,Books,224.99,Mumbai,Pune,Fragile,QuickShip,5.0,5.0,On-Time,Perfect,5.0,573.88,2025-10-27,5.0,"Delayed by 3 days, not acceptable",Yes,Quality,218.21,192.91,61.33,56.02,38.13,61.11,50.27,0.0,0,1023.13,High
ORD000125,2025-09-23,SMB,Express,Electronics,63.28,Delhi,Mumbai,Fragile,SpeedyLogistics,2.0,3.0,Slightly-Delayed,Perfect,3.0,292.1,2025-09-28,3.0,Late delivery but good quality,Yes,Other,111.35,100.65,33.78,27.14,16.53,31.61,25.44,1.0,1,520.63,Medium
ORD000126,2025-09-24,Enterprise,Express,Industrial,77.55,Kolkata,Pune,Fragile,ReliableExpress,1.0,2.0,Slightly-Delayed,Perfect,3.0,266.94,2025-09-20,3.602409638554217,Late delivery but good quality,Yes,Timing,98.17,73.47,38.35,15.6,14.06,29.02,19.69,1.0,1,452.64000000000004,Medium
ORD000127,2025-10-07,SMB,Express,Electronics,903.84,Kolkata,Hong Kong,Fragile,EcoDeliver,2.0,2.0,On-Time,Perfect,5.0,588.81,2025-09-20,3.602409638554217,Late delivery but good quality,Yes,Timing,226.64,169.78,63.84,54.07,45.6,51.56,50.65,0.0,0,1030.83,High
ORD000128,2025-10-05,Individual,Standard,Healthcare,52.56,Mumbai,Singapore,Fragile,ReliableExpress,3.0,4.0,Slightly-Delayed,Perfect,3.0,391.39,2025-10-09,3.0,Wrong item delivered,Yes,Timing,137.42,121.5,48.16,35.79,35.8,42.42,21.63,1.0,1,686.1099999999999,Medium
ORD000129,2025-10-14,Enterprise,Economy,Fashion,3280.49,Bangalore,Bangkok,Fragile,ReliableExpress,5.0,7.0,Slightly-Delayed,Perfect,3.0,840.98,2025-09-20,3.602409638554217,Late delivery but good quality,Yes,Timing,322.84,266.68,113.41,57.31,79.02,91.68,46.78,2.0,1,1509.52,Medium
ORD000130,2025-10-10,SMB,Standard,Books,143.22,Bangalore,Delhi,Fragile,EcoDeliver,5.0,5.0,On-Time,Perfect,5.0,562.77,2025-09-20,3.602409638554217,Late delivery but good quality,Yes,Timing,191.78,190.58,57.61,55.19,47.25,59.23,35.75,0.0,0,992.38,High
ORD000131,2025-09-22,Individual,Economy,Fashion,1016.71,Chennai,Delhi,Temperature_Controlled,SpeedyLogistics,5.0,5.0,On-Time,Perfect,5.0,404.32,2025-09-20,3.602409638554217,Late delivery but good quality,Yes,Timing,131.36,139.17,46.46,35.89,28.16,34.6,20.43,0.0,0,703.01,High
ORD000132,2025-09-27,Individual,Standard,Electronics,156.71,Chennai,Kolkata,Fragile,QuickShip,5.0,6.0,Slightly-Delayed,Perfect,4.0,439.72,2025-09-20,3.602409638554217,Late delivery but good quality,Yes,Timing,155.85,152.84,52.09,29.84,29.55,44.33,31.67,1.0,1,777.96,High
ORD000133,2025-10-05,SMB,Standard,Books,102.22,Delhi,Bangkok,Fragile,EcoDeliver,5.0,5.0,On-Time,Wrong_Item,4.0,433.55,2025-10-12,4.0,"Perfect condition, thank you",No,Timing,168.21,130.3,54.36,24.68,42.98,39.02,23.27,0.0,0,775.04,High
ORD000134,2025-09-01,Individual,Economy,Fashion,583.56,Bangalore,Chennai,Fragile,SpeedyLogistics,5.0,6.0,Slightly-Delayed,Perfect,3.0,770.25,2025-09-20,3.602409638554217,Late delivery but good quality,Yes,Timing,282.15,238.42,93.01,54.77,68.75,67.65,70.1,1.0,1,1359.5700000000002,Medium
ORD000135,2025-10-05,SMB,Standard,Industrial,1954.08,Bangalore,Kolkata,Fragile,ReliableExpress,3.0,6.0,Severely-Delayed,Perfect,1.0,565.66,2025-09-20,3.602409638554217,Late delivery but good quality,Yes,Timing,206.4,165.11,69.52,35.54,49.56,56.86,37.36,3.0,1,986.73,Low
ORD000136,2025-10-07,Enterprise,Economy,Food & Beverage,278.37,Hyderabad,Ahmedabad,Fragile,QuickShip,5.0,10.0,Severely-Delayed,Perfect,1.0,758.17,2025-09-20,3.602409638554217,Late delivery but good quality,Yes,Timing,272.64,265.04,92.32,72.81,50.99,62.31,45.65,5.0,1,1346.84,Low
ORD000137,2025-10-17,Individual,Express,Electronics,365.69,Bangalore,Bangkok,Fragile,QuickShip,2.0,2.0,On-Time,Perfect,5.0,325.28,2025-09-20,3.602409638554217,Late delivery but good quality,Yes,Timing,111.2,88.46,32.53,31.15,29.99,35.68,18.99,0.0,0,554.93,High
ORD000138,2025-09-14,Individual,Economy,Fashion,1354.42,Delhi,Mumbai,Temperature_Controlled,ReliableExpress,10.0,13.0,Severely-Delayed,Incomplete,3.0,808.82,2025-09-29,3.0,Late delivery but good quality,Yes,Quality,252.38,207.67,110.16,78.0,57.85,68.56,61.16,3.0,1,1326.72,Medium
ORD000139,2025-09-03,Individual,Express,Electronics,1423.38,Delhi,Pune,Fragile,EcoDeliver,1.0,4.0,Severely-Delayed,Perfect,1.0,495.14,2025-09-07,1.0,Late delivery but good quality,No,Timing,165.81,142.34,64.9,42.55,27.5,40.32,49.37,3.0,1,830.7900000000001,Low
ORD000140,2025-09-01,Individual,Economy,Home Goods,380.8,Bangalore,Chennai,Fragile,ReliableExpress,10.0,10.0,On-Time,Perfect,4.0,652.02,2025-09-13,4.0,"No complaints, smooth process",Yes,Quality,210.78,166.51,71.39,33.87,45.37,73.09,43.73,0.0,0,1074.6799999999998,High
ORD000141,2025-09-05,SMB,Standard,Electronics,207.43,Kolkata,Bangkok,Fragile,SpeedyLogistics,4.0,6.0,Slightly-Delayed,Perfect,3.0,734.19,2025-09-15,3.0,"No complaints, smooth process",No,Timing,252.87,233.15,92.1,68.33,68.5,59.03,65.27,2.0,1,1288.71,Medium
ORD000142,2025-09-26,SMB,Economy,Books,456.68,Bangalore,Hong Kong,Fragile,EcoDeliver,7.0,7.0,On-Time,Perfect,5.0,598.16,2025-10-04,5.0,"No complaints, smooth process",No,Quality,207.01,208.69,74.27,59.42,52.48,53.8,46.01,0.0,0,1066.34,High
ORD000143,2025-09-14,Individual,Express,Home Goods,302.97,Chennai,Ahmedabad,Fragile,SpeedyLogistics,1.0,2.0,Slightly-Delayed,Incomplete,1.0,349.92,2025-09-18,1.0,Late delivery but good quality,No,Quality,139.69,117.49,36.7,29.85,23.54,28.09,24.56,1.0,1,630.64,Low
ORD000144,2025-10-09,SMB,Standard,Books,645.14,Kolkata,Hong Kong,Fragile,GlobalTransit,3.0,5.0,Slightly-Delayed,Wrong_Item,2.0,539.6,2025-10-16,2.0,"No complaints, smooth process",Yes,Timing,174.55,179.09,63.06,49.31,27.0,49.81,33.49,2.0,1,920.2400000000001,Low
ORD000145,2025-09-27,Individual,Economy,Food & Beverage,67.26,Bangalore,Delhi,Fragile,QuickShip,10.0,10.0,On-Time,Perfect,5.0,777.65,2025-10-08,5.0,"Perfect condition, thank you",No,Timing,251.46,199.72,85.04,60.48,50.21,75.2,53.54,0.0,0,1279.04,High
ORD000146,2025-09-09,Individual,Standard,Home Goods,611.41,Delhi,Bangalore,Temperature_Controlled,QuickShip,4.0,5.0,Slightly-Delayed,Perfect,3.0,747.94,2025-09-14,3.0,Wrong item delivered,Yes,Timing,289.89,254.7,93.23,49.74,41.39,88.36,39.65,1.0,1,1333.92,Medium
ORD000147,2025-09-15,Individual,Standard,Industrial,137.35,Hyderabad,Chennai,Fragile,GlobalTransit,5.0,6.0,Slightly-Delayed,Perfect,3.0,618.15,2025-09-21,3.0,"Perfect condition, thank you",No,Timing,203.84,172.96,71.72,35.99,55.11,52.48,50.53,1.0,1,1050.06,Medium
ORD000148,2025-09-15,SMB,Standard,Electronics,1570.0,Delhi,Mumbai,Fragile,EcoDeliver,3.0,3.0,On-Time,Perfect,5.0,285.28,2025-09-20,3.602409638554217,Late delivery but good quality,Yes,Timing,89.12,73.33,41.5,16.98,25.98,29.04,15.37,0.0,0,473.71,High
ORD000149,2025-09-26,SMB,Standard,Fashion,147.13,Bangalore,Chennai,Fragile,ReliableExpress,4.0,4.0,On-Time,Perfect,5.0,542.75,2025-10-04,5.0,Poor customer service response,Yes,Timing,214.68,149.09,77.6,31.72,50.31,43.71,41.03,0.0,0,956.8300000000002,High
ORD000150,2025-10-12,Enterprise,Standard,Healthcare,151.01,Ahmedabad,Dubai,Fragile,QuickShip,5.0,5.0,On-Time,Perfect,4.0,410.63,2025-10-21,4.0,Late delivery but good quality,Yes,Timing,154.78,141.04,59.73,37.36,38.77,36.12,26.37,0.0,0,745.2199999999999,High
ORD000151,2025-09-13,SMB,Standard,Electronics,786.9,Mumbai,Ahmedabad,Fragile,SpeedyLogistics,4.433333333333334,5.513333333333334,On-Time,Perfect,3.64,574.1726666666667,2025-09-20,3.602409638554217,Late delivery but good quality,Yes,Timing,200.3183333333333,172.94113333333334,71.7028,42.9968,43.58493333333333,56.52966666666667,42.049600000000005,1.08,0,0.0,Low
ORD000152,2025-10-02,Enterprise,Economy,Electronics,412.12,Mumbai,Ahmedabad,Fragile,SpeedyLogistics,4.433333333333334,5.513333333333334,On-Time,Perfect,3.64,574.1726666666667,2025-09-20,3.602409638554217,Late delivery but good quality,Yes,Timing,200.3183333333333,172.94113333333334,71.7028,42.9968,43.58493333333333,56.52966666666667,42.049600000000005,1.08,0,0.0,Low
ORD000153,2025-10-09,SMB,Express,Food & Beverage,12270.8,Delhi,Bangkok,Fragile,SpeedyLogistics,4.433333333333334,5.513333333333334,On-Time,Perfect,3.64,574.1726666666667,2025-09-20,3.602409638554217,Late delivery but good quality,Yes,Timing,200.3183333333333,172.94113333333334,71.7028,42.9968,43.58493333333333,56.52966666666667,42.049600000000005,1.08,0,0.0,Low
ORD000154,2025-10-19,SMB,Standard,Industrial,35.02,Pune,Chennai,Fragile,SpeedyLogistics,4.433333333333334,5.513333333333334,On-Time,Perfect,3.64,574.1726666666667,2025-09-20,3.602409638554217,Late delivery but good quality,Yes,Timing,200.3183333333333,172.94113333333334,71.7028,42.9968,43.58493333333333,56.52966666666667,42.049600000000005,1.08,0,0.0,Low
ORD000155,2025-10-02,Enterprise,Economy,Healthcare,475.7,Mumbai,Bangalore,Fragile,SpeedyLogistics,4.433333333333334,5.513333333333334,On-Time,Perfect,3.64,574.1726666666667,2025-09-20,3.602409638554217,Late delivery but good quality,Yes,Timing,200.3183333333333,172.94113333333334,71.7028,42.9968,43.58493333333333,56.52966666666667,42.049600000000005,1.08,0,0.0,Low
ORD000156,2025-09-04,SMB,Economy,Home Goods,2196.18,Mumbai,Kolkata,Temperature_Controlled,SpeedyLogistics,4.433333333333334,5.513333333333334,On-Time,Perfect,3.64,574.1726666666667,2025-09-20,3.602409638554217,Late delivery but good quality,Yes,Timing,200.3183333333333,172.94113333333334,71.7028,42.9968,43.58493333333333,56.52966666666667,42.049600000000005,1.08,0,0.0,Low
ORD000157,2025-09-30,Enterprise,Standard,Home Goods,169.45,Mumbai,Pune,Fragile,SpeedyLogistics,4.433333333333334,5.513333333333334,On-Time,Perfect,3.64,574.1726666666667,2025-09-20,3.602409638554217,Late delivery but good quality,Yes,Timing,200.3183333333333,172.94113333333334,71.7028,42.9968,43.58493333333333,56.52966666666667,42.049600000000005,1.08,0,0.0,Low
ORD000158,2025-10-07,Enterprise,Standard,Home Goods,102.94,Mumbai,Bangkok,Fragile,SpeedyLogistics,4.433333333333334,5.513333333333334,On-Time,Perfect,3.64,574.1726666666667,2025-09-20,3.602409638554217,Late delivery but good quality,Yes,Timing,200.3183333333333,172.94113333333334,71.7028,42.9968,43.58493333333333,56.52966666666667,42.049600000000005,1.08,0,0.0,Low
ORD000159,2025-09-23,Individual,Standard,Books,109.26,Mumbai,Bangkok,Fragile,SpeedyLogistics,4.433333333333334,5.513333333333334,On-Time,Perfect,3.64,574.1726666666667,2025-09-20,3.602409638554217,Late delivery but good quality,Yes,Timing,200.3183333333333,172.94113333333334,71.7028,42.9968,43.58493333333333,56.52966666666667,42.049600000000005,1.08,0,0.0,Low
ORD000160,2025-10-09,SMB,Express,Books,35.95,Bangalore,Chennai,Hazmat,SpeedyLogistics,4.433333333333334,5.513333333333334,On-Time,Perfect,3.64,574.1726666666667,2025-09-20,3.602409638554217,Late delivery but good quality,Yes,Timing,200.3183333333333,172.94113333333334,71.7028,42.9968,43.58493333333333,56.52966666666667,42.049600000000005,1.08,0,0.0,Low
ORD000161,2025-10-15,Enterprise,Standard,Fashion,3055.07,Bangalore,Mumbai,Fragile,SpeedyLogistics,4.433333333333334,5.513333333333334,On-Time,Perfect,3.64,574.1726666666667,2025-09-20,3.602409638554217,Late delivery but good quality,Yes,Timing,200.3183333333333,172.94113333333334,71.7028,42.9968,43.58493333333333,56.52966666666667,42.049600000000005,1.08,0,0.0,Low
ORD000162,2025-09-15,SMB,Standard,Healthcare,246.06,Delhi,Singapore,Fragile,SpeedyLogistics,4.433333333333334,5.513333333333334,On-Time,Perfect,3.64,574.1726666666667,2025-09-20,3.602409638554217,Late delivery but good quality,Yes,Timing,200.3183333333333,172.94113333333334,71.7028,42.9968,43.58493333333333,56.52966666666667,42.049600000000005,1.08,0,0.0,Low
ORD000163,2025-10-13,Individual,Standard,Home Goods,206.02,Delhi,Hyderabad,Fragile,SpeedyLogistics,4.433333333333334,5.513333333333334,On-Time,Perfect,3.64,574.1726666666667,2025-09-20,3.602409638554217,Late delivery but good quality,Yes,Timing,200.3183333333333,172.94113333333334,71.7028,42.9968,43.58493333333333,56.52966666666667,42.049600000000005,1.08,0,0.0,Low
ORD000164,2025-09-29,Enterprise,Express,Books,16.67,Mumbai,Hyderabad,Fragile,SpeedyLogistics,4.433333333333334,5.513333333333334,On-Time,Perfect,3.64,574.1726666666667,2025-09-20,3.602409638554217,Late delivery but good quality,Yes,Timing,200.3183333333333,172.94113333333334,71.7028,42.9968,43.58493333333333,56.52966666666667,42.049600000000005,1.08,0,0.0,Low
ORD000165,2025-10-06,SMB,Economy,Fashion,46.97,Delhi,Bangkok,Fragile,SpeedyLogistics,4.433333333333334,5.513333333333334,On-Time,Perfect,3.64,574.1726666666667,2025-09-20,3.602409638554217,Late delivery but good quality,Yes,Timing,200.3183333333333,172.94113333333334,71.7028,42.9968,43.58493333333333,56.52966666666667,42.049600000000005,1.08,0,0.0,Low
ORD000166,2025-09-13,Enterprise,Economy,Industrial,3633.98,Bangalore,Kolkata,Fragile,SpeedyLogistics,4.433333333333334,5.513333333333334,On-Time,Perfect,3.64,574.1726666666667,2025-09-20,3.602409638554217,Late delivery but good quality,Yes,Timing,200.3183333333333,172.94113333333334,71.7028,42.9968,43.58493333333333,56.52966666666667,42.049600000000005,1.08,0,0.0,Low
ORD000167,2025-10-02,Enterprise,Standard,Fashion,635.66,Kolkata,Pune,Fragile,SpeedyLogistics,4.433333333333334,5.513333333333334,On-Time,Perfect,3.64,574.1726666666667,2025-09-20,3.602409638554217,Late delivery but good quality,Yes,Timing,200.3183333333333,172.94113333333334,71.7028,42.9968,43.58493333333333,56.52966666666667,42.049600000000005,1.08,0,0.0,Low
ORD000168,2025-09-07,SMB,Standard,Books,2320.99,Mumbai,Chennai,Fragile,SpeedyLogistics,4.433333333333334,5.513333333333334,On-Time,Perfect,3.64,574.1726666666667,2025-09-20,3.602409638554217,Late delivery but good quality,Yes,Timing,200.3183333333333,172.94113333333334,71.7028,42.9968,43.58493333333333,56.52966666666667,42.049600000000005,1.08,0,0.0,Low
ORD000169,2025-09-22,SMB,Standard,Food & Beverage,1919.82,Bangalore,Dubai,Fragile,SpeedyLogistics,4.433333333333334,5.513333333333334,On-Time,Perfect,3.64,574.1726666666667,2025-09-20,3.602409638554217,Late delivery but good quality,Yes,Timing,200.3183333333333,172.94113333333334,71.7028,42.9968,43.58493333333333,56.52966666666667,42.049600000000005,1.08,0,0.0,Low
ORD000170,2025-09-28,SMB,Economy,Food & Beverage,89.93,Delhi,Hyderabad,Fragile,SpeedyLogistics,4.433333333333334,5.513333333333334,On-Time,Perfect,3.64,574.1726666666667,2025-09-20,3.602409638554217,Late delivery but good quality,Yes,Timing,200.3183333333333,172.94113333333334,71.7028,42.9968,43.58493333333333,56.52966666666667,42.049600000000005,1.08,0,0.0,Low
ORD000171,2025-09-02,Individual,Standard,Home Goods,15440.85,Hyderabad,Bangalore,Fragile,SpeedyLogistics,4.433333333333334,5.513333333333334,On-Time,Perfect,3.64,574.1726666666667,2025-09-20,3.602409638554217,Late delivery but good quality,Yes,Timing,200.3183333333333,172.94113333333334,71.7028,42.9968,43.58493333333333,56.52966666666667,42.049600000000005,1.08,0,0.0,Low
ORD000172,2025-10-12,Individual,Express,Food & Beverage,7514.57,Chennai,Bangkok,Fragile,SpeedyLogistics,4.433333333333334,5.513333333333334,On-Time,Perfect,3.64,574.1726666666667,2025-09-20,3.602409638554217,Late delivery but good quality,Yes,Timing,200.3183333333333,172.94113333333334,71.7028,42.9968,43.58493333333333,56.52966666666667,42.049600000000005,1.08,0,0.0,Low
ORD000173,2025-10-15,SMB,Economy,Home Goods,173.18,Bangalore,Mumbai,Fragile,SpeedyLogistics,4.433333333333334,5.513333333333334,On-Time,Perfect,3.64,574.1726666666667,2025-09-20,3.602409638554217,Late delivery but good quality,Yes,Timing,200.3183333333333,172.94113333333334,71.7028,42.9968,43.58493333333333,56.52966666666667,42.049600000000005,1.08,0,0.0,Low
ORD000174,2025-09-06,SMB,Economy,Home Goods,1.91,Delhi,Hong Kong,Fragile,SpeedyLogistics,4.433333333333334,5.513333333333334,On-Time,Perfect,3.64,574.1726666666667,2025-09-20,3.602409638554217,Late delivery but good quality,Yes,Timing,200.3183333333333,172.94113333333334,71.7028,42.9968,43.58493333333333,56.52966666666667,42.049600000000005,1.08,0,0.0,Low
ORD000175,2025-09-28,Individual,Economy,Books,236.32,Pune,Hyderabad,Fragile,SpeedyLogistics,4.433333333333334,5.513333333333334,On-Time,Perfect,3.64,574.1726666666667,2025-09-20,3.602409638554217,Late delivery but good quality,Yes,Timing,200.3183333333333,172.94113333333334,71.7028,42.9968,43.58493333333333,56.52966666666667,42.049600000000005,1.08,0,0.0,Low
ORD000176,2025-09-28,Enterprise,Economy,Food & Beverage,576.77,Mumbai,Bangalore,Hazmat,SpeedyLogistics,4.433333333333334,5.513333333333334,On-Time,Perfect,3.64,574.1726666666667,2025-09-20,3.602409638554217,Late delivery but good quality,Yes,Timing,200.3183333333333,172.94113333333334,71.7028,42.9968,43.58493333333333,56.52966666666667,42.049600000000005,1.08,0,0.0,Low
ORD000177,2025-10-14,SMB,Standard,Home Goods,172.16,Mumbai,Chennai,Fragile,SpeedyLogistics,4.433333333333334,5.513333333333334,On-Time,Perfect,3.64,574.1726666666667,2025-09-20,3.602409638554217,Late delivery but good quality,Yes,Timing,200.3183333333333,172.94113333333334,71.7028,42.9968,43.58493333333333,56.52966666666667,42.049600000000005,1.08,0,0.0,Low
ORD000178,2025-10-14,Enterprise,Standard,Healthcare,289.37,Delhi,Mumbai,Fragile,SpeedyLogistics,4.433333333333334,5.513333333333334,On-Time,Perfect,3.64,574.1726666666667,2025-09-20,3.602409638554217,Late delivery but good quality,Yes,Timing,200.3183333333333,172.94113333333334,71.7028,42.9968,43.58493333333333,56.52966666666667,42.049600000000005,1.08,0,0.0,Low
ORD000179,2025-09-20,Enterprise,Economy,Industrial,116.4,Mumbai,Dubai,Fragile,SpeedyLogistics,4.433333333333334,5.513333333333334,On-Time,Perfect,3.64,574.1726666666667,2025-09-20,3.602409638554217,Late delivery but good quality,Yes,Timing,200.3183333333333,172.94113333333334,71.7028,42.9968,43.58493333333333,56.52966666666667,42.049600000000005,1.08,0,0.0,Low
ORD000180,2025-09-30,Individual,Economy,Fashion,1607.53,Pune,Singapore,Fragile,SpeedyLogistics,4.433333333333334,5.513333333333334,On-Time,Perfect,3.64,574.1726666666667,2025-09-20,3.602409638554217,Late delivery but good quality,Yes,Timing,200.3183333333333,172.94113333333334,71.7028,42.9968,43.58493333333333,56.52966666666667,42.049600000000005,1.08,0,0.0,Low
ORD000181,2025-09-11,Individual,Express,Fashion,443.83,Kolkata,Delhi,Fragile,SpeedyLogistics,4.433333333333334,5.513333333333334,On-Time,Perfect,3.64,574.1726666666667,2025-09-20,3.602409638554217,Late delivery but good quality,Yes,Timing,200.3183333333333,172.94113333333334,71.7028,42.9968,43.58493333333333,56.52966666666667,42.049600000000005,1.08,0,0.0,Low
ORD000182,2025-09-28,SMB,Express,Books,1681.21,Delhi,Bangkok,Fragile,SpeedyLogistics,4.433333333333334,5.513333333333334,On-Time,Perfect,3.64,574.1726666666667,2025-09-20,3.602409638554217,Late delivery but good quality,Yes,Timing,200.3183333333333,172.94113333333334,71.7028,42.9968,43.58493333333333,56.52966666666667,42.049600000000005,1.08,0,0.0,Low
ORD000183,2025-09-25,SMB,Standard,Food & Beverage,2523.26,Bangalore,Singapore,Fragile,SpeedyLogistics,4.433333333333334,5.513333333333334,On-Time,Perfect,3.64,574.1726666666667,2025-09-20,3.602409638554217,Late delivery but good quality,Yes,Timing,200.3183333333333,172.94113333333334,71.7028,42.9968,43.58493333333333,56.52966666666667,42.049600000000005,1.08,0,0.0,Low
ORD000184,2025-10-09,Enterprise,Economy,Food & Beverage,15.46,Ahmedabad,Dubai,Fragile,SpeedyLogistics,4.433333333333334,5.513333333333334,On-Time,Perfect,3.64,574.1726666666667,2025-09-20,3.602409638554217,Late delivery but good quality,Yes,Timing,200.3183333333333,172.94113333333334,71.7028,42.9968,43.58493333333333,56.52966666666667,42.049600000000005,1.08,0,0.0,Low
ORD000185,2025-10-03,Enterprise,Economy,Home Goods,127.0,Hyderabad,Mumbai,Temperature_Controlled,SpeedyLogistics,4.433333333333334,5.513333333333334,On-Time,Perfect,3.64,574.1726666666667,2025-09-20,3.602409638554217,Late delivery but good quality,Yes,Timing,200.3183333333333,172.94113333333334,71.7028,42.9968,43.58493333333333,56.52966666666667,42.049600000000005,1.08,0,0.0,Low
ORD000186,2025-09-01,Enterprise,Express,Electronics,158.22,Chennai,Hyderabad,Fragile,SpeedyLogistics,4.433333333333334,5.513333333333334,On-Time,Perfect,3.64,574.1726666666667,2025-09-20,3.602409638554217,Late delivery but good quality,Yes,Timing,200.3183333333333,172.94113333333334,71.7028,42.9968,43.58493333333333,56.52966666666667,42.049600000000005,1.08,0,0.0,Low
ORD000187,2025-09-27,SMB,Standard,Home Goods,19092.65,Pune,Singapore,Fragile,SpeedyLogistics,4.433333333333334,5.513333333333334,On-Time,Perfect,3.64,574.1726666666667,2025-09-20,3.602409638554217,Late delivery but good quality,Yes,Timing,200.3183333333333,172.94113333333334,71.7028,42.9968,43.58493333333333,56.52966666666667,42.049600000000005,1.08,0,0.0,Low
ORD000188,2025-09-13,Individual,Standard,Industrial,504.47,Ahmedabad,Bangkok,Fragile,SpeedyLogistics,4.433333333333334,5.513333333333334,On-Time,Perfect,3.64,574.1726666666667,2025-09-20,3.602409638554217,Late delivery but good quality,Yes,Timing,200.3183333333333,172.94113333333334,71.7028,42.9968,43.58493333333333,56.52966666666667,42.049600000000005,1.08,0,0.0,Low
ORD000189,2025-10-11,SMB,Economy,Healthcare,1364.91,Kolkata,Delhi,Fragile,SpeedyLogistics,4.433333333333334,5.513333333333334,On-Time,Perfect,3.64,574.1726666666667,2025-09-20,3.602409638554217,Late delivery but good quality,Yes,Timing,200.3183333333333,172.94113333333334,71.7028,42.9968,43.58493333333333,56.52966666666667,42.049600000000005,1.08,0,0.0,Low
ORD000190,2025-09-03,Enterprise,Economy,Fashion,24.02,Mumbai,Kolkata,Fragile,SpeedyLogistics,4.433333333333334,5.513333333333334,On-Time,Perfect,3.64,574.1726666666667,2025-09-20,3.602409638554217,Late delivery but good quality,Yes,Timing,200.3183333333333,172.94113333333334,71.7028,42.9968,43.58493333333333,56.52966666666667,42.049600000000005,1.08,0,0.0,Low
ORD000191,2025-10-09,Individual,Economy,Home Goods,500.11,Delhi,Ahmedabad,Fragile,SpeedyLogistics,4.433333333333334,5.513333333333334,On-Time,Perfect,3.64,574.1726666666667,2025-09-20,3.602409638554217,Late delivery but good quality,Yes,Timing,200.3183333333333,172.94113333333334,71.7028,42.9968,43.58493333333333,56.52966666666667,42.049600000000005,1.08,0,0.0,Low
ORD000192,2025-09-06,Individual,Standard,Electronics,1750.12,Hyderabad,Bangalore,Hazmat,SpeedyLogistics,4.433333333333334,5.513333333333334,On-Time,Perfect,3.64,574.1726666666667,2025-09-20,3.602409638554217,Late delivery but good quality,Yes,Timing,200.3183333333333,172.94113333333334,71.7028,42.9968,43.58493333333333,56.52966666666667,42.049600000000005,1.08,0,0.0,Low
ORD000193,2025-09-08,SMB,Standard,Electronics,1469.9,Mumbai,Hyderabad,Fragile,SpeedyLogistics,4.433333333333334,5.513333333333334,On-Time,Perfect,3.64,574.1726666666667,2025-09-20,3.602409638554217,Late delivery but good quality,Yes,Timing,200.3183333333333,172.94113333333334,71.7028,42.9968,43.58493333333333,56.52966666666667,42.049600000000005,1.08,0,0.0,Low
ORD000194,2025-09-27,SMB,Standard,Home Goods,1027.72,Hyderabad,Singapore,Fragile,SpeedyLogistics,4.433333333333334,5.513333333333334,On-Time,Perfect,3.64,574.1726666666667,2025-09-20,3.602409638554217,Late delivery but good quality,Yes,Timing,200.3183333333333,172.94113333333334,71.7028,42.9968,43.58493333333333,56.52966666666667,42.049600000000005,1.08,0,0.0,Low
ORD000195,2025-09-09,SMB,Express,Books,411.37,Mumbai,Hong Kong,Hazmat,SpeedyLogistics,4.433333333333334,5.513333333333334,On-Time,Perfect,3.64,574.1726666666667,2025-09-20,3.602409638554217,Late delivery but good quality,Yes,Timing,200.3183333333333,172.94113333333334,71.7028,42.9968,43.58493333333333,56.52966666666667,42.049600000000005,1.08,0,0.0,Low
ORD000196,2025-10-07,Enterprise,Economy,Fashion,442.46,Mumbai,Chennai,Fragile,SpeedyLogistics,4.433333333333334,5.513333333333334,On-Time,Perfect,3.64,574.1726666666667,2025-09-20,3.602409638554217,Late delivery but good quality,Yes,Timing,200.3183333333333,172.94113333333334,71.7028,42.9968,43.58493333333333,56.52966666666667,42.049600000000005,1.08,0,0.0,Low
ORD000197,2025-10-03,SMB,Economy,Books,31.82,Delhi,Kolkata,Fragile,SpeedyLogistics,4.433333333333334,5.513333333333334,On-Time,Perfect,3.64,574.1726666666667,2025-09-20,3.602409638554217,Late delivery but good quality,Yes,Timing,200.3183333333333,172.94113333333334,71.7028,42.9968,43.58493333333333,56.52966666666667,42.049600000000005,1.08,0,0.0,Low
ORD000198,2025-10-12,Individual,Economy,Healthcare,104.5,Mumbai,Dubai,Fragile,SpeedyLogistics,4.433333333333334,5.513333333333334,On-Time,Perfect,3.64,574.1726666666667,2025-09-20,3.602409638554217,Late delivery but good quality,Yes,Timing,200.3183333333333,172.94113333333334,71.7028,42.9968,43.58493333333333,56.52966666666667,42.049600000000005,1.08,0,0.0,Low
ORD000199,2025-10-14,Enterprise,Economy,Electronics,570.44,Pune,Ahmedabad,Fragile,SpeedyLogistics,4.433333333333334,5.513333333333334,On-Time,Perfect,3.64,574.1726666666667,2025-09-20,3.602409638554217,Late delivery but good quality,Yes,Timing,200.3183333333333,172.94113333333334,71.7028,42.9968,43.58493333333333,56.52966666666667,42.049600000000005,1.08,0,0.0,Low
ORD000200,2025-09-24,Enterprise,Standard,Electronics,137.83,Hyderabad,Mumbai,Temperature_Controlled,SpeedyLogistics,4.433333333333334,5.513333333333334,On-Time,Perfect,3.64,574.1726666666667,2025-09-20,3.602409638554217,Late delivery but good quality,Yes,Timing,200.3183333333333,172.94113333333334,71.7028,42.9968,43.58493333333333,56.52966666666667,42.049600000000005,1.08,0,0.0,Low
